<?xml version="1.0" encoding="UTF-8"?>
<blueprint xmlns="http://www.osgi.org/xmlns/blueprint/v1.0.0"
           xmlns:xsi="http://www.w3.org/2001/XMLSchema-instance"
           xmlns:cm="http://aries.apache.org/blueprint/xmlns/blueprint-cm/v1.0.0"
           xsi:schemaLocation="
           http://www.osgi.org/xmlns/blueprint/v1.0.0 http://www.osgi.org/xmlns/blueprint/v1.0.0/blueprint.xsd">

    <!-- osgi blueprint property placeholder -->
    <cm:property-placeholder id="myConfig" persistent-id="io.fabric8.examples.camel.twitter"/>

    <camelContext id="camel-example-twitter" xmlns="http://camel.apache.org/schema/blueprint">

        <!-- using Camel properties component and refer to the blueprint property placeholder by its id -->
        <propertyPlaceholder id="properties" location="blueprint:myConfig"/>

        <route id="twitter-demo">
           <from uri="twitter://search?type=polling&amp;delay=10&amp;keywords={{twitter.keywords}}
                      &amp;accessToken={{access.token}}&amp;accessTokenSecret={{access.token-secret}}&amp;consumerKey={{consumer.key}}&amp;consumerSecret={{consumer.secret}}"/>
            <log message=">>> ${body.user.screenName} tweeted: ${body.text}"/>
        </route>
    </camelContext>
</blueprint>