<?xml version="1.0" encoding="UTF-8"?>
<blueprint xmlns="http://www.osgi.org/xmlns/blueprint/v1.0.0"
           xmlns:ext="http://aries.apache.org/blueprint/xmlns/blueprint-ext/v1.0.0">

  <camelContext xmlns="http://camel.apache.org/schema/blueprint" id="Bank3Context" trace="false">
    <route id="Bank3">
      <from uri="amq:LoanBroker.Bank3"/>
      <setHeader headerName="host.bank">
         <simple>${sys.karaf.name}-${camelId}</simple>
      </setHeader>
      <delay>
        <constant>40</constant>
      </delay>
      <setHeader headerName="loan.rate">
        <simple>4.4</simple>
      </setHeader>
      <log message="&gt;&gt;&gt; Bank3 loan rate: ${header.loan.rate}"/>
    </route>
  </camelContext>

</blueprint>
