<?xml version="1.0" encoding="UTF-8"?>
<blueprint xmlns="http://www.osgi.org/xmlns/blueprint/v1.0.0"
           xmlns:xsi="http://www.w3.org/2001/XMLSchema-instance"
           xsi:schemaLocation="
           http://www.osgi.org/xmlns/blueprint/v1.0.0
           http://www.osgi.org/xmlns/blueprint/v1.0.0/blueprint.xsd">

    <camelContext id="camel-example-wiki" trace="false" xmlns="http://camel.apache.org/schema/blueprint">
        <route id="route1">
            <from uri="timer://foo?fixedRate=true&amp;period=5000"/>
            <setBody>
                <simple>Hello from Fabric based Camel route!</simple>
            </setBody>
            <log message=">>> ${body} : ${header.karaf.name}"/>
        </route>
    </camelContext>
</blueprint>